"type","lang","url"
"page","ua","https://dikoros-ua.com/blog/"
"page","en","https://dikoros-ua.com/en/aktsii/"
"page","ru","https://dikoros-ua.com/ru/hryb-chaha-u-mikrodozynhu/"
"news","ua","https://dikoros-ua.com/uvaha-zapuskaiemo-aktsiiu-hryb-misiatsia/"
"news","en","https://dikoros-ua.com/en/meest-dikoros/"
"news","ru","https://dikoros-ua.com/ru/den-sviatoi-triitsi/"
"catalog","ua","https://dikoros-ua.com/zmorshkova-shapynka-lat.-verpa-bohemica-sushena-1-sort-50-hram/"
"catalog","en","https://dikoros-ua.com/en/kalyna-chervona-viburnum-opulus-sushena-100-hram/"
"catalog","ru","https://dikoros-ua.com/ru/mikrodozinh-mix-brain-booster-miks-yizhovykiv-mitselii-60-kapsul-po-05-hrama/"
