url,type,lang
https://dikoros-ua.com/,page,ua
https://dikoros-ua.com/en/,page,en
https://dikoros-ua.com/ru/,page,ru
https://dikoros-ua.com/katalog/,page,ua
https://dikoros-ua.com/en/katalog/,page,en
https://dikoros-ua.com/ru/katalog/,page,ru
https://dikoros-ua.com/oplata-i-dostavka/,page,ua
https://dikoros-ua.com/en/oplata-i-dostavka/,page,en
https://dikoros-ua.com/ru/oplata-i-dostavka/,page,ru
https://dikoros-ua.com/obmin-ta-povernennya/,page,ua
https://dikoros-ua.com/en/obmin-ta-povernennya/,page,en
https://dikoros-ua.com/ru/obmin-ta-povernennya/,page,ru
https://dikoros-ua.com/blog/,page,ua
https://dikoros-ua.com/en/blog/,page,en
https://dikoros-ua.com/ru/blog/,page,ru
https://dikoros-ua.com/mizhnarodni-vidpravky/,page,ua
https://dikoros-ua.com/en/mizhnarodni-vidpravky/,page,en
https://dikoros-ua.com/ru/mizhnarodni-vidpravky/,page,ru
https://dikoros-ua.com/kontaktna-informatsiya/,page,ua
https://dikoros-ua.com/en/kontaktna-informatsiya/,page,en
https://dikoros-ua.com/ru/kontaktna-informatsiya/,page,ru
https://dikoros-ua.com/store-reviews/,page,ua
https://dikoros-ua.com/en/store-reviews/,page,en
https://dikoros-ua.com/ru/store-reviews/,page,ru
https://dikoros-ua.com/dohovir-oferty/,page,ua
https://dikoros-ua.com/en/dohovir-oferty/,page,en
https://dikoros-ua.com/ru/dohovir-oferty/,page,ru
https://dikoros-ua.com/chasti-pytannia/,page,ua
https://dikoros-ua.com/en/chasti-pytannia/,page,en
https://dikoros-ua.com/ru/chasti-pytannia/,page,ru
https://dikoros-ua.com/aktsii/,page,ua
https://dikoros-ua.com/en/aktsii/,page,en
https://dikoros-ua.com/ru/aktsii/,page,ru
https://dikoros-ua.com/mikrodozinh/,page,ua
https://dikoros-ua.com/en/mikrodozinh/,page,en
https://dikoros-ua.com/ru/mikrodozinh/,page,ru
https://dikoros-ua.com/kapsuly-chervonoho-mukhomora/,page,ua
https://dikoros-ua.com/en/kapsuly-chervonoho-mukhomora/,page,en
https://dikoros-ua.com/ru/kapsuly-chervonoho-mukhomora/,page,ru
https://dikoros-ua.com/mikrodozynh-hrybiv-v-kapsulakh-120-sht/,page,ua
https://dikoros-ua.com/en/mikrodozynh-hrybiv-v-kapsulakh-120-sht/,page,en
https://dikoros-ua.com/ru/mikrodozynh-hrybiv-v-kapsulakh-120-sht/,page,ru
https://dikoros-ua.com/mikrodozynh-hrybiv-v-kapsulakh-60-sht/,page,ua
https://dikoros-ua.com/en/mikrodozynh-hrybiv-v-kapsulakh-60-sht/,page,en
https://dikoros-ua.com/ru/mikrodozynh-hrybiv-v-kapsulakh-60-sht/,page,ru
https://dikoros-ua.com/mikrodozynh-trametes/,page,ua
https://dikoros-ua.com/en/mikrodozynh-trametes/,page,en
https://dikoros-ua.com/ru/mikrodozynh-trametes/,page,ru
https://dikoros-ua.com/mikrodozynh-mukhomor-panternyi/,page,ua
https://dikoros-ua.com/en/mikrodozynh-mukhomor-panternyi/,page,en
https://dikoros-ua.com/ru/mikrodozynh-mukhomor-panternyi/,page,ru
https://dikoros-ua.com/mikrodozynh-lysychka/,page,ua
https://dikoros-ua.com/en/mikrodozynh-lysychka/,page,en
https://dikoros-ua.com/ru/mikrodozynh-lysychka/,page,ru
https://dikoros-ua.com/mikrodozynh-mukhomor-korolivskyi/,page,ua
https://dikoros-ua.com/en/mikrodozynh-mukhomor-korolivskyi/,page,en
https://dikoros-ua.com/ru/mikrodozynh-mukhomor-korolivskyi/,page,ru
https://dikoros-ua.com/kapsuly-mukhomora-yizhovyka-kordytsepsu-dlia-mikrodozynhu/,page,ua
https://dikoros-ua.com/en/kapsuly-mukhomora-yizhovyka-kordytsepsu-dlia-mikrodozynhu/,page,en
https://dikoros-ua.com/ru/kapsuly-mukhomora-yizhovyka-kordytsepsu-dlia-mikrodozynhu/,page,ru
https://dikoros-ua.com/hryb-chaha-u-mikrodozynhu/,page,ua
https://dikoros-ua.com/en/hryb-chaha-u-mikrodozynhu/,page,en
https://dikoros-ua.com/ru/hryb-chaha-u-mikrodozynhu/,page,ru
https://dikoros-ua.com/mikrodozynh-kordytseps-viiskovyi/,page,ua
https://dikoros-ua.com/en/mikrodozynh-kordytseps-viiskovyi/,page,en
https://dikoros-ua.com/ru/mikrodozynh-kordytseps-viiskovyi/,page,ru
https://dikoros-ua.com/mikrodozinh-yizhovyka-hrebinchastoho/,page,ua
https://dikoros-ua.com/en/mikrodozinh-yizhovyka-hrebinchastoho/,page,en
https://dikoros-ua.com/ru/mikrodozinh-yizhovyka-hrebinchastoho/,page,ru
https://dikoros-ua.com/mikrodozynh-mukhomor-chervonyi/,page,ua
https://dikoros-ua.com/en/mikrodozynh-mukhomor-chervonyi/,page,en
https://dikoros-ua.com/ru/mikrodozynh-mukhomor-chervonyi/,page,ru
https://dikoros-ua.com/hryby-susheni/,page,ua
https://dikoros-ua.com/en/hryby-susheni/,page,en
https://dikoros-ua.com/ru/hryby-susheni/,page,ru
https://dikoros-ua.com/susheni-kapeliushky-mukhomora/,page,ua
https://dikoros-ua.com/en/susheni-kapeliushky-mukhomora/,page,en
https://dikoros-ua.com/ru/susheni-kapeliushky-mukhomora/,page,ru
https://dikoros-ua.com/cbd/,page,ua
https://dikoros-ua.com/en/cbd/,page,en
https://dikoros-ua.com/ru/cbd/,page,ru
https://dikoros-ua.com/mazi/,page,ua
https://dikoros-ua.com/en/mazi/,page,en
https://dikoros-ua.com/ru/mazi/,page,ru
https://dikoros-ua.com/nastoianky/,page,ua
https://dikoros-ua.com/en/nastoianky/,page,en
https://dikoros-ua.com/ru/nastoianky/,page,ru
https://dikoros-ua.com/med-ta-produkty-z-medu/,page,ua
https://dikoros-ua.com/en/med-ta-produkty-z-medu/,page,en
https://dikoros-ua.com/ru/med-ta-produkty-z-medu/,page,ru
https://dikoros-ua.com/travy-ta-yahody/,page,ua
https://dikoros-ua.com/en/travy-ta-yahody/,page,en
https://dikoros-ua.com/ru/travy-ta-yahody/,page,ru
https://dikoros-ua.com/brands/,page,ua
https://dikoros-ua.com/en/brands/,page,en
https://dikoros-ua.com/ru/brands/,page,ru
https://dikoros-ua.com/rizne/,page,ua
https://dikoros-ua.com/en/rizne/,page,en
https://dikoros-ua.com/ru/rizne/,page,ru
https://dikoros-ua.com/konservatsiia/,page,ua
https://dikoros-ua.com/en/konservatsiia/,page,en
https://dikoros-ua.com/ru/konservatsiia/,page,ru
https://dikoros-ua.com/arkhiv-aktsii/,page,ua
https://dikoros-ua.com/en/arkhiv-aktsii/,page,en
https://dikoros-ua.com/ru/arkhiv-aktsii/,page,ru
https://dikoros-ua.com/sertifikaty-yakosti/,page,ua
https://dikoros-ua.com/en/sertifikaty-yakosti/,page,en
https://dikoros-ua.com/ru/sertifikaty-yakosti/,page,ru
https://dikoros-ua.com/prohrama-loialnosti/,page,ua
https://dikoros-ua.com/en/prohrama-loialnosti/,page,en
https://dikoros-ua.com/ru/prohrama-loialnosti/,page,ru
https://dikoros-ua.com/spivrobitnytstvo-ta-opt/,page,ua
https://dikoros-ua.com/en/spivrobitnytstvo-ta-opt/,page,en
https://dikoros-ua.com/ru/spivrobitnytstvo-ta-opt/,page,ru
https://dikoros-ua.com/my-v-sotsmerezhakh/,page,ua
https://dikoros-ua.com/en/my-v-sotsmerezhakh/,page,en
https://dikoros-ua.com/ru/my-v-sotsmerezhakh/,page,ru
https://dikoros-ua.com/marynovani-hryby/,page,ua
https://dikoros-ua.com/en/marynovani-hryby/,page,en
https://dikoros-ua.com/ru/marynovani-hryby/,page,ru
https://dikoros-ua.com/varennia/,page,ua
https://dikoros-ua.com/en/varennia/,page,en
https://dikoros-ua.com/ru/varennia/,page,ru
https://dikoros-ua.com/med/,page,ua
https://dikoros-ua.com/en/med/,page,en
https://dikoros-ua.com/ru/med/,page,ru
https://dikoros-ua.com/hryby-susheni-vse-pro-yikh-vplyv-na-kontsentratsiiu-ta-produktyvnist/,news,ua
https://dikoros-ua.com/en/hryby-susheni-vse-pro-yikh-vplyv-na-kontsentratsiiu-ta-produktyvnist/,news,en
https://dikoros-ua.com/ru/hryby-susheni-vse-pro-yikh-vplyv-na-kontsentratsiiu-ta-produktyvnist/,news,ru
https://dikoros-ua.com/chomu-vse-bilshe-liudei-obyraiut-hryby-mikrodozynh-zamist-stymuliatoriv/,news,ua
https://dikoros-ua.com/en/chomu-vse-bilshe-liudei-obyraiut-hryby-mikrodozynh-zamist-stymuliatoriv/,news,en
https://dikoros-ua.com/ru/chomu-vse-bilshe-liudei-obyraiut-hryby-mikrodozynh-zamist-stymuliatoriv/,news,ru
https://dikoros-ua.com/u-chomu-realna-riznytsia-ta-koryst-shcho-vidrizniaie-hryby-susheni-vid-svizhykh/,news,ua
https://dikoros-ua.com/en/u-chomu-realna-riznytsia-ta-koryst-shcho-vidrizniaie-hryby-susheni-vid-svizhykh/,news,en
https://dikoros-ua.com/ru/u-chomu-realna-riznytsia-ta-koryst-shcho-vidrizniaie-hryby-susheni-vid-svizhykh/,news,ru
https://dikoros-ua.com/chomu-hryby-mukhomory-v-kapsulakh-obyraiut-liudy-z-vysokym-rivnem-stresu/,news,ua
https://dikoros-ua.com/en/chomu-hryby-mukhomory-v-kapsulakh-obyraiut-liudy-z-vysokym-rivnem-stresu/,news,en
https://dikoros-ua.com/ru/chomu-hryby-mukhomory-v-kapsulakh-obyraiut-liudy-z-vysokym-rivnem-stresu/,news,ru
https://dikoros-ua.com/chomu-mukhomor-korolivskyi-hryb-syly-lisu/,news,ua
https://dikoros-ua.com/en/chomu-mukhomor-korolivskyi-hryb-syly-lisu/,news,en
https://dikoros-ua.com/ru/chomu-mukhomor-korolivskyi-hryb-syly-lisu/,news,ru
https://dikoros-ua.com/ranok-2.0-yak-son-dopomahaie-pochaty-zhyttia-zanovo/,news,ua
https://dikoros-ua.com/en/ranok-2.0-yak-son-dopomahaie-pochaty-zhyttia-zanovo/,news,en
https://dikoros-ua.com/ru/ranok-2.0-yak-son-dopomahaie-pochaty-zhyttia-zanovo/,news,ru
https://dikoros-ua.com/dyka-vesna-tvii-kod-vidnovlennia/,news,ua
https://dikoros-ua.com/en/dyka-vesna-tvii-kod-vidnovlennia/,news,en
https://dikoros-ua.com/ru/dyka-vesna-tvii-kod-vidnovlennia/,news,ru
https://dikoros-ua.com/try-protokoly-pryimannia-yak-vzhyvaty-hryby-i-mikrodozynh-vid-dikoros/,news,ua
https://dikoros-ua.com/en/try-protokoly-pryimannia-yak-vzhyvaty-hryby-i-mikrodozynh-vid-dikoros/,news,en
https://dikoros-ua.com/ru/try-protokoly-pryimannia-yak-vzhyvaty-hryby-i-mikrodozynh-vid-dikoros/,news,ru
https://dikoros-ua.com/chervonyi-mukhomor-i-dzhetlah-chy-mozhe-hryb-dopomohty-adaptatsii-pislia-perelotiv/,news,ua
https://dikoros-ua.com/en/chervonyi-mukhomor-i-dzhetlah-chy-mozhe-hryb-dopomohty-adaptatsii-pislia-perelotiv/,news,en
https://dikoros-ua.com/ru/chervonyi-mukhomor-i-dzhetlah-chy-mozhe-hryb-dopomohty-adaptatsii-pislia-perelotiv/,news,ru
https://dikoros-ua.com/hryby-yizhovyk-i-nervova-systema-chomu-yoho-obyraiut-liudy-rozumovoi-pratsi/,news,ua
https://dikoros-ua.com/en/hryby-yizhovyk-i-nervova-systema-chomu-yoho-obyraiut-liudy-rozumovoi-pratsi/,news,en
https://dikoros-ua.com/ru/hryby-yizhovyk-i-nervova-systema-chomu-yoho-obyraiut-liudy-rozumovoi-pratsi/,news,ru
https://dikoros-ua.com/sushenyi-mukhomor-yizhovyk-ta-inshi-hryby-yaki-korysni-vlastyvosti-vy-otrymuiete-pry-vzhyvanni/,news,ua
https://dikoros-ua.com/en/sushenyi-mukhomor-yizhovyk-ta-inshi-hryby-yaki-korysni-vlastyvosti-vy-otrymuiete-pry-vzhyvanni/,news,en
https://dikoros-ua.com/ru/sushenyi-mukhomor-yizhovyk-ta-inshi-hryby-yaki-korysni-vlastyvosti-vy-otrymuiete-pry-vzhyvanni/,news,ru
https://dikoros-ua.com/yak-kordytseps-v-kapsulakh-pratsiuie-z-tilom-ta-vytryvalistiu/,news,ua
https://dikoros-ua.com/en/yak-kordytseps-v-kapsulakh-pratsiuie-z-tilom-ta-vytryvalistiu/,news,en
https://dikoros-ua.com/ru/yak-kordytseps-v-kapsulakh-pratsiuie-z-tilom-ta-vytryvalistiu/,news,ru
https://dikoros-ua.com/chy-mozhna-zavariuvaty-mukhomory-susheni-ta-yak-tse-robyty-pravylno/,news,ua
https://dikoros-ua.com/en/chy-mozhna-zavariuvaty-mukhomory-susheni-ta-yak-tse-robyty-pravylno/,news,en
https://dikoros-ua.com/ru/chy-mozhna-zavariuvaty-mukhomory-susheni-ta-yak-tse-robyty-pravylno/,news,ru
https://dikoros-ua.com/mykrodozynh-panternoho-mukhomora-i-fokus-uvahy-dosvid-pro-yakyi-ridko-hovoriat/,news,ua
https://dikoros-ua.com/en/mykrodozynh-panternoho-mukhomora-i-fokus-uvahy-dosvid-pro-yakyi-ridko-hovoriat/,news,en
https://dikoros-ua.com/ru/mykrodozynh-panternoho-mukhomora-i-fokus-uvahy-dosvid-pro-yakyi-ridko-hovoriat/,news,ru
https://dikoros-ua.com/shcho-bude-vidchuvaty-liudyna-yaka-tilky-pochala-mikrodozynh-hrybiv/,news,ua
https://dikoros-ua.com/en/shcho-bude-vidchuvaty-liudyna-yaka-tilky-pochala-mikrodozynh-hrybiv/,news,en
https://dikoros-ua.com/ru/shcho-bude-vidchuvaty-liudyna-yaka-tilky-pochala-mikrodozynh-hrybiv/,news,ru
https://dikoros-ua.com/mikrodozynh-mukhomoriv-yizhovyka-chahy-chy-dopomahaiut-hryby-pry-ptsr/,news,ua
https://dikoros-ua.com/en/mikrodozynh-mukhomoriv-yizhovyka-chahy-chy-dopomahaiut-hryby-pry-ptsr/,news,en
https://dikoros-ua.com/ru/mikrodozynh-mukhomoriv-yizhovyka-chahy-chy-dopomahaiut-hryby-pry-ptsr/,news,ru
https://dikoros-ua.com/khimiia-korysti-chomu-susheni-hryby-bahati-na-beta-hliukany-erhotionin-adaptoheny-ta-v-chomu-koryst-dlia-orhanizmu/,news,ua
https://dikoros-ua.com/en/khimiia-korysti-chomu-susheni-hryby-bahati-na-beta-hliukany-erhotionin-adaptoheny-ta-v-chomu-koryst-dlia-orhanizmu/,news,en
https://dikoros-ua.com/ru/khimiia-korysti-chomu-susheni-hryby-bahati-na-beta-hliukany-erhotionin-adaptoheny-ta-v-chomu-koryst-dlia-orhanizmu/,news,ru
https://dikoros-ua.com/chy-sumisnyi-mikrodozinh-hrybiv-z-neperenosymistiu-kofeinu/,news,ua
https://dikoros-ua.com/en/chy-sumisnyi-mikrodozinh-hrybiv-z-neperenosymistiu-kofeinu/,news,en
https://dikoros-ua.com/ru/chy-sumisnyi-mikrodozinh-hrybiv-z-neperenosymistiu-kofeinu/,news,ru
https://dikoros-ua.com/yak-mikrodozynh-panternoho-mukhomora-vplyvaie-na-pidsvidomist/,news,ua
https://dikoros-ua.com/en/yak-mikrodozynh-panternoho-mukhomora-vplyvaie-na-pidsvidomist/,news,en
https://dikoros-ua.com/ru/yak-mikrodozynh-panternoho-mukhomora-vplyvaie-na-pidsvidomist/,news,ru
https://dikoros-ua.com/komu-pidkhodyt-mukhomor-korolivskyi-hryb-dlia-zriloi-nervovoi-systemy/,news,ua
https://dikoros-ua.com/en/komu-pidkhodyt-mukhomor-korolivskyi-hryb-dlia-zriloi-nervovoi-systemy/,news,en
https://dikoros-ua.com/ru/komu-pidkhodyt-mukhomor-korolivskyi-hryb-dlia-zriloi-nervovoi-systemy/,news,ru
https://dikoros-ua.com/biokhakinh-po-ukrainsky/,news,ua
https://dikoros-ua.com/en/biokhakinh-po-ukrainsky/,news,en
https://dikoros-ua.com/ru/biokhakinh-po-ukrainsky/,news,ru
https://dikoros-ua.com/den-shcho-ozhyvaie-razom-iz-dykorosamy/,news,ua
https://dikoros-ua.com/en/den-shcho-ozhyvaie-razom-iz-dykorosamy/,news,en
https://dikoros-ua.com/ru/den-shcho-ozhyvaie-razom-iz-dykorosamy/,news,ru
https://dikoros-ua.com/instruktsiia-z-ekspluatatsii-tvoho-dnia/,news,ua
https://dikoros-ua.com/en/instruktsiia-z-ekspluatatsii-tvoho-dnia/,news,en
https://dikoros-ua.com/ru/instruktsiia-z-ekspluatatsii-tvoho-dnia/,news,ru
https://dikoros-ua.com/poza-haliutsynatsiiamy-shcho-naspravdi-vidchuvaiut-ti-khto-mikrodozyt-chervonyi-mukhomor-v-kapsulakh-chy-poroshku/,news,ua
https://dikoros-ua.com/en/poza-haliutsynatsiiamy-shcho-naspravdi-vidchuvaiut-ti-khto-mikrodozyt-chervonyi-mukhomor-v-kapsulakh-chy-poroshku/,news,en
https://dikoros-ua.com/ru/poza-haliutsynatsiiamy-shcho-naspravdi-vidchuvaiut-ti-khto-mikrodozyt-chervonyi-mukhomor-v-kapsulakh-chy-poroshku/,news,ru
https://dikoros-ua.com/travy-ta-dykorosli-hryby-pro-yaki-movchat-chomu-prykhovuiut-pryrodni-antydepresanty-ta-stymuliatory/,news,ua
https://dikoros-ua.com/en/travy-ta-dykorosli-hryby-pro-yaki-movchat-chomu-prykhovuiut-pryrodni-antydepresanty-ta-stymuliatory/,news,en
https://dikoros-ua.com/ru/travy-ta-dykorosli-hryby-pro-yaki-movchat-chomu-prykhovuiut-pryrodni-antydepresanty-ta-stymuliatory/,news,ru
https://dikoros-ua.com/shcho-bude-z-orhanizmom-yakshcho-zamist-rankovoi-kavy-vy-budete-vzhyvaty-mikrodozynh-mukhomora/,news,ua
https://dikoros-ua.com/en/shcho-bude-z-orhanizmom-yakshcho-zamist-rankovoi-kavy-vy-budete-vzhyvaty-mikrodozynh-mukhomora/,news,en
https://dikoros-ua.com/ru/shcho-bude-z-orhanizmom-yakshcho-zamist-rankovoi-kavy-vy-budete-vzhyvaty-mikrodozynh-mukhomora/,news,ru
https://dikoros-ua.com/chomu-mukhomor-korolivskyi-nazyvaiut-miakym-variantom-mikrodozynhu-ta-de-kupyty-bezpechnyi/,news,ua
https://dikoros-ua.com/en/chomu-mukhomor-korolivskyi-nazyvaiut-miakym-variantom-mikrodozynhu-ta-de-kupyty-bezpechnyi/,news,en
https://dikoros-ua.com/ru/chomu-mukhomor-korolivskyi-nazyvaiut-miakym-variantom-mikrodozynhu-ta-de-kupyty-bezpechnyi/,news,ru
https://dikoros-ua.com/chomu-suchasni-liudy-obyraiut-mikrodozynh-kupyty-dlia-borotby-z-vtomoiu-depresiieiu-ta-stresom/,news,ua
https://dikoros-ua.com/en/chomu-suchasni-liudy-obyraiut-mikrodozynh-kupyty-dlia-borotby-z-vtomoiu-depresiieiu-ta-stresom/,news,en
https://dikoros-ua.com/ru/chomu-suchasni-liudy-obyraiut-mikrodozynh-kupyty-dlia-borotby-z-vtomoiu-depresiieiu-ta-stresom/,news,ru
https://dikoros-ua.com/hryby-i-enerhiia-chomu-liudy-v-xxi-stolitti-obyraiut-mikrodozynh-kupyty-v-kapsulakh-zamist-kavy/,news,ua
https://dikoros-ua.com/en/hryby-i-enerhiia-chomu-liudy-v-xxi-stolitti-obyraiut-mikrodozynh-kupyty-v-kapsulakh-zamist-kavy/,news,en
https://dikoros-ua.com/ru/hryby-i-enerhiia-chomu-liudy-v-xxi-stolitti-obyraiut-mikrodozynh-kupyty-v-kapsulakh-zamist-kavy/,news,ru
https://dikoros-ua.com/mikrodozynh-mukhomor-korolivskyi-5-nespodivanykh-efektiv-yaki-sponukatymut-yoho-kupyty-shchob-sprobuvaty/,news,ua
https://dikoros-ua.com/en/mikrodozynh-mukhomor-korolivskyi-5-nespodivanykh-efektiv-yaki-sponukatymut-yoho-kupyty-shchob-sprobuvaty/,news,en
https://dikoros-ua.com/ru/mikrodozynh-mukhomor-korolivskyi-5-nespodivanykh-efektiv-yaki-sponukatymut-yoho-kupyty-shchob-sprobuvaty/,news,ru
https://dikoros-ua.com/yakyi-mikrodozynh-hrybiv-uzhe-dostupnyi-zi-svizhoho-vrozhaiu-2025-ohliad-na-tovary-dikoros/,news,ua
https://dikoros-ua.com/en/yakyi-mikrodozynh-hrybiv-uzhe-dostupnyi-zi-svizhoho-vrozhaiu-2025-ohliad-na-tovary-dikoros/,news,en
https://dikoros-ua.com/ru/yakyi-mikrodozynh-hrybiv-uzhe-dostupnyi-zi-svizhoho-vrozhaiu-2025-ohliad-na-tovary-dikoros/,news,ru
https://dikoros-ua.com/chomu-hryby-kapsuly-naizruchnishyi-format-dlia-mikrodozynhu-v-podorozhakh-ta-vidriadzhenniakh/,news,ua
https://dikoros-ua.com/en/chomu-hryby-kapsuly-naizruchnishyi-format-dlia-mikrodozynhu-v-podorozhakh-ta-vidriadzhenniakh/,news,en
https://dikoros-ua.com/ru/chomu-hryby-kapsuly-naizruchnishyi-format-dlia-mikrodozynhu-v-podorozhakh-ta-vidriadzhenniakh/,news,ru
https://dikoros-ua.com/chy-mozhna-pryimaty-kapsuly-mukhomora-ta-inshykh-hrybiv-razom-z-kavoiu-chy-chaiem/,news,ua
https://dikoros-ua.com/en/chy-mozhna-pryimaty-kapsuly-mukhomora-ta-inshykh-hrybiv-razom-z-kavoiu-chy-chaiem/,news,en
https://dikoros-ua.com/ru/chy-mozhna-pryimaty-kapsuly-mukhomora-ta-inshykh-hrybiv-razom-z-kavoiu-chy-chaiem/,news,ru
https://dikoros-ua.com/shcho-take-mikrodozynh-mukhomor-korolivskyi-i-chym-vin-vidrizniaietsia-vid-vzhyvannia-chervonoho-mukhomora/,news,ua
https://dikoros-ua.com/en/shcho-take-mikrodozynh-mukhomor-korolivskyi-i-chym-vin-vidrizniaietsia-vid-vzhyvannia-chervonoho-mukhomora/,news,en
https://dikoros-ua.com/ru/shcho-take-mikrodozynh-mukhomor-korolivskyi-i-chym-vin-vidrizniaietsia-vid-vzhyvannia-chervonoho-mukhomora/,news,ru
https://dikoros-ua.com/za-yakymy-pravylamy-varto-obraty-ta-kupyty-susheni-hryby-shchob-vony-buly-yakisni-dikoros-ua/,news,ua
https://dikoros-ua.com/en/za-yakymy-pravylamy-varto-obraty-ta-kupyty-susheni-hryby-shchob-vony-buly-yakisni-dikoros-ua/,news,en
https://dikoros-ua.com/ru/za-yakymy-pravylamy-varto-obraty-ta-kupyty-susheni-hryby-shchob-vony-buly-yakisni-dikoros-ua/,news,ru
https://dikoros-ua.com/cbd-oliia-pryrodna-pidtrymka-dlia-zdorovia-i-balansu/,news,ua
https://dikoros-ua.com/en/cbd-oliia-pryrodna-pidtrymka-dlia-zdorovia-i-balansu/,news,en
https://dikoros-ua.com/ru/cbd-oliia-pryrodna-pidtrymka-dlia-zdorovia-i-balansu/,news,ru
https://dikoros-ua.com/yak-berezovyi-hryb-vplyvaie-na-detoksykatsiiu-orhanizmu-liudyny-ohliad-vid-dikoros/,news,ua
https://dikoros-ua.com/en/yak-berezovyi-hryb-vplyvaie-na-detoksykatsiiu-orhanizmu-liudyny-ohliad-vid-dikoros/,news,en
https://dikoros-ua.com/ru/yak-berezovyi-hryb-vplyvaie-na-detoksykatsiiu-orhanizmu-liudyny-ohliad-vid-dikoros/,news,ru
https://dikoros-ua.com/v-yakii-kilkosti-varto-vzhyvaty-mukhomory-kordytseps-lysychky-susheni-ta-inshi-susheni-hryby/,news,ua
https://dikoros-ua.com/en/v-yakii-kilkosti-varto-vzhyvaty-mukhomory-kordytseps-lysychky-susheni-ta-inshi-susheni-hryby/,news,en
https://dikoros-ua.com/ru/v-yakii-kilkosti-varto-vzhyvaty-mukhomory-kordytseps-lysychky-susheni-ta-inshi-susheni-hryby/,news,ru
https://dikoros-ua.com/yak-hryb-kordytseps-vplyvaie-na-metabolizm-i-chy-varto-yoho-pryimaty-dlia-skhudnennia/,news,ua
https://dikoros-ua.com/en/yak-hryb-kordytseps-vplyvaie-na-metabolizm-i-chy-varto-yoho-pryimaty-dlia-skhudnennia/,news,en
https://dikoros-ua.com/ru/yak-hryb-kordytseps-vplyvaie-na-metabolizm-i-chy-varto-yoho-pryimaty-dlia-skhudnennia/,news,ru
https://dikoros-ua.com/yaka-vlastyvist-hryba-chahy-vplyvaie-na-pryrodnyi-zakhyst-vid-starinnia/,news,ua
https://dikoros-ua.com/en/yaka-vlastyvist-hryba-chahy-vplyvaie-na-pryrodnyi-zakhyst-vid-starinnia/,news,en
https://dikoros-ua.com/ru/yaka-vlastyvist-hryba-chahy-vplyvaie-na-pryrodnyi-zakhyst-vid-starinnia/,news,ru
https://dikoros-ua.com/chomu-vse-bilshe-liudei-obyraiut-hryb-chahy-dlia-pidtrymky-zdorovia/,news,ua
https://dikoros-ua.com/en/chomu-vse-bilshe-liudei-obyraiut-hryb-chahy-dlia-pidtrymky-zdorovia/,news,en
https://dikoros-ua.com/ru/chomu-vse-bilshe-liudei-obyraiut-hryb-chahy-dlia-pidtrymky-zdorovia/,news,ru
https://dikoros-ua.com/chy-spravdi-kordytseps-viiskovyi-mozhe-staty-pryrodnoiu-alternatyvoiu-prebiotykam/,news,ua
https://dikoros-ua.com/en/chy-spravdi-kordytseps-viiskovyi-mozhe-staty-pryrodnoiu-alternatyvoiu-prebiotykam/,news,en
https://dikoros-ua.com/ru/chy-spravdi-kordytseps-viiskovyi-mozhe-staty-pryrodnoiu-alternatyvoiu-prebiotykam/,news,ru
https://dikoros-ua.com/yak-pryimaty-hryb-chaha-mikrodozynh-dlia-maksymalnoi-korysti/,news,ua
https://dikoros-ua.com/en/yak-pryimaty-hryb-chaha-mikrodozynh-dlia-maksymalnoi-korysti/,news,en
https://dikoros-ua.com/ru/yak-pryimaty-hryb-chaha-mikrodozynh-dlia-maksymalnoi-korysti/,news,ru
https://dikoros-ua.com/z-chym-i-yak-poiednuvaty-hryb-yizhovyk-hrebinchastyi-dlia-neobkhidnoho-rezultatu/,news,ua
https://dikoros-ua.com/en/z-chym-i-yak-poiednuvaty-hryb-yizhovyk-hrebinchastyi-dlia-neobkhidnoho-rezultatu/,news,en
https://dikoros-ua.com/ru/z-chym-i-yak-poiednuvaty-hryb-yizhovyk-hrebinchastyi-dlia-neobkhidnoho-rezultatu/,news,ru
https://dikoros-ua.com/yakym-chynom-cordyceps-militaris-pokrashchuie-imunitet/,news,ua
https://dikoros-ua.com/en/yakym-chynom-cordyceps-militaris-pokrashchuie-imunitet/,news,en
https://dikoros-ua.com/ru/yakym-chynom-cordyceps-militaris-pokrashchuie-imunitet/,news,ru
https://dikoros-ua.com/mikrodozynh-yizhovyk-hrebinchastyi-yak-pryimaty-kapsuly-pochatkivtsiam/,news,ua
https://dikoros-ua.com/en/mikrodozynh-yizhovyk-hrebinchastyi-yak-pryimaty-kapsuly-pochatkivtsiam/,news,en
https://dikoros-ua.com/ru/mikrodozynh-yizhovyk-hrebinchastyi-yak-pryimaty-kapsuly-pochatkivtsiam/,news,ru
https://dikoros-ua.com/chy-spravdi-mukhomory-mikrodozinh-ta-inshykh-hrybiv-pidvyshchuie-produktyvnist-pratsivnykiv-it-sfery/,news,ua
https://dikoros-ua.com/en/chy-spravdi-mukhomory-mikrodozinh-ta-inshykh-hrybiv-pidvyshchuie-produktyvnist-pratsivnykiv-it-sfery/,news,en
https://dikoros-ua.com/ru/chy-spravdi-mukhomory-mikrodozinh-ta-inshykh-hrybiv-pidvyshchuie-produktyvnist-pratsivnykiv-it-sfery/,news,ru
https://dikoros-ua.com/osnovy-mikrodozynha/,news,ua
https://dikoros-ua.com/en/osnovy-mikrodozynha/,news,en
https://dikoros-ua.com/ru/osnovy-mikrodozynha/,news,ru
https://dikoros-ua.com/komu-krashche-utrymatysia-vid-spozhyvannia-hryba-yizhovyka-hrebinchastoho-ta-chy-maie-vin-pobichni-dii/,news,ua
https://dikoros-ua.com/en/komu-krashche-utrymatysia-vid-spozhyvannia-hryba-yizhovyka-hrebinchastoho-ta-chy-maie-vin-pobichni-dii/,news,en
https://dikoros-ua.com/ru/komu-krashche-utrymatysia-vid-spozhyvannia-hryba-yizhovyka-hrebinchastoho-ta-chy-maie-vin-pobichni-dii/,news,ru
https://dikoros-ua.com/chomu-mikrodozynh-cordyceps-militaris-staie-vse-populiarnishym-sered-ofisnykh-pratsivnykiv/,news,ua
https://dikoros-ua.com/en/chomu-mikrodozynh-cordyceps-militaris-staie-vse-populiarnishym-sered-ofisnykh-pratsivnykiv/,news,en
https://dikoros-ua.com/ru/chomu-mikrodozynh-cordyceps-militaris-staie-vse-populiarnishym-sered-ofisnykh-pratsivnykiv/,news,ru
https://dikoros-ua.com/yaki-antyoksydantni-vlastyvosti-maie-hryb-yizhovyk-hrebinchastyi-ta-chy-vplyvaie-vin-na-starinnia/,news,ua
https://dikoros-ua.com/en/yaki-antyoksydantni-vlastyvosti-maie-hryb-yizhovyk-hrebinchastyi-ta-chy-vplyvaie-vin-na-starinnia/,news,en
https://dikoros-ua.com/ru/yaki-antyoksydantni-vlastyvosti-maie-hryb-yizhovyk-hrebinchastyi-ta-chy-vplyvaie-vin-na-starinnia/,news,ru
https://dikoros-ua.com/z-yakymy-zapalnymy-protsesamy-boretsia-berezovyi-hryb-ta-shcho-vin-likuie/,news,ua
https://dikoros-ua.com/en/z-yakymy-zapalnymy-protsesamy-boretsia-berezovyi-hryb-ta-shcho-vin-likuie/,news,en
https://dikoros-ua.com/ru/z-yakymy-zapalnymy-protsesamy-boretsia-berezovyi-hryb-ta-shcho-vin-likuie/,news,ru
https://dikoros-ua.com/chomu-kordytseps-viiskovyi-nazyvaiut-pryrodnym-enerhetykom-poiasnennia-vid-vyrobnyka-mikrodozinhu-dykoros/,news,ua
https://dikoros-ua.com/en/chomu-kordytseps-viiskovyi-nazyvaiut-pryrodnym-enerhetykom-poiasnennia-vid-vyrobnyka-mikrodozinhu-dykoros/,news,en
https://dikoros-ua.com/ru/chomu-kordytseps-viiskovyi-nazyvaiut-pryrodnym-enerhetykom-poiasnennia-vid-vyrobnyka-mikrodozinhu-dykoros/,news,ru
https://dikoros-ua.com/chy-vidrizniaiutsia-korysni-vlastyvosti-hrybiv-vid-yikh-vydu-mukhomor-panternyi-chervonyi-i-korolivskyi/,news,ua
https://dikoros-ua.com/en/chy-vidrizniaiutsia-korysni-vlastyvosti-hrybiv-vid-yikh-vydu-mukhomor-panternyi-chervonyi-i-korolivskyi/,news,en
https://dikoros-ua.com/ru/chy-vidrizniaiutsia-korysni-vlastyvosti-hrybiv-vid-yikh-vydu-mukhomor-panternyi-chervonyi-i-korolivskyi/,news,ru
https://dikoros-ua.com/chy-pidkhodyt-mikrodozynh-yizhovyka-hrebinchastyi-dlia-novachkiv-u-mikrodozynhu/,news,ua
https://dikoros-ua.com/en/chy-pidkhodyt-mikrodozynh-yizhovyka-hrebinchastyi-dlia-novachkiv-u-mikrodozynhu/,news,en
https://dikoros-ua.com/ru/chy-pidkhodyt-mikrodozynh-yizhovyka-hrebinchastyi-dlia-novachkiv-u-mikrodozynhu/,news,ru
https://dikoros-ua.com/mikrodozynh-hrybiv-u-kapsulakh-chy-poroshku-osoblyvosti-kozhnoho-formatu/,news,ua
https://dikoros-ua.com/en/mikrodozynh-hrybiv-u-kapsulakh-chy-poroshku-osoblyvosti-kozhnoho-formatu/,news,en
https://dikoros-ua.com/ru/mikrodozynh-hrybiv-u-kapsulakh-chy-poroshku-osoblyvosti-kozhnoho-formatu/,news,ru
https://dikoros-ua.com/ohliad-na-hryb-yizhovyk-hrebinchastyi-u-sumishi-z-inshymy-hrybamy/,news,ua
https://dikoros-ua.com/en/ohliad-na-hryb-yizhovyk-hrebinchastyi-u-sumishi-z-inshymy-hrybamy/,news,en
https://dikoros-ua.com/ru/ohliad-na-hryb-yizhovyk-hrebinchastyi-u-sumishi-z-inshymy-hrybamy/,news,ru
https://dikoros-ua.com/yakyi-naipopuliarnishyi-sklad-maie-mikrodozynh-hryby-ta-yikh-koryst/,news,ua
https://dikoros-ua.com/en/yakyi-naipopuliarnishyi-sklad-maie-mikrodozynh-hryby-ta-yikh-koryst/,news,en
https://dikoros-ua.com/ru/yakyi-naipopuliarnishyi-sklad-maie-mikrodozynh-hryby-ta-yikh-koryst/,news,ru
https://dikoros-ua.com/chomu-mikrodozynh-kordytseps-viiskovyi-korysnyi-dlia-viiskovykh/,news,ua
https://dikoros-ua.com/en/chomu-mikrodozynh-kordytseps-viiskovyi-korysnyi-dlia-viiskovykh/,news,en
https://dikoros-ua.com/ru/chomu-mikrodozynh-kordytseps-viiskovyi-korysnyi-dlia-viiskovykh/,news,ru
https://dikoros-ua.com/yaki-naturalni-kharchovi-dobavky-zdatni-pokrashchyty-samopochuttia-bez-nehatyvnoho-vplyvu/,news,ua
https://dikoros-ua.com/en/yaki-naturalni-kharchovi-dobavky-zdatni-pokrashchyty-samopochuttia-bez-nehatyvnoho-vplyvu/,news,en
https://dikoros-ua.com/ru/yaki-naturalni-kharchovi-dobavky-zdatni-pokrashchyty-samopochuttia-bez-nehatyvnoho-vplyvu/,news,ru
https://dikoros-ua.com/yak-pryimaty-kordytseps-yizhovyk-hrebinchastyi-ta-inshi-susheni-hryby/,news,ua
https://dikoros-ua.com/en/yak-pryimaty-kordytseps-yizhovyk-hrebinchastyi-ta-inshi-susheni-hryby/,news,en
https://dikoros-ua.com/ru/yak-pryimaty-kordytseps-yizhovyk-hrebinchastyi-ta-inshi-susheni-hryby/,news,ru
https://dikoros-ua.com/yak-vyznachyty-potribne-dozuvannia-mikrodozynhu-porady-ekspertiv-dikoros/,news,ua
https://dikoros-ua.com/en/yak-vyznachyty-potribne-dozuvannia-mikrodozynhu-porady-ekspertiv-dikoros/,news,en
https://dikoros-ua.com/ru/yak-vyznachyty-potribne-dozuvannia-mikrodozynhu-porady-ekspertiv-dikoros/,news,ru
https://dikoros-ua.com/mukhomory-vykhodiat-na-novyi-riven-chy-znaly-vy-pro-likuvalni-vlastyvosti-tsykh-hrybiv/,news,ua
https://dikoros-ua.com/en/mukhomory-vykhodiat-na-novyi-riven-chy-znaly-vy-pro-likuvalni-vlastyvosti-tsykh-hrybiv/,news,en
https://dikoros-ua.com/ru/mukhomory-vykhodiat-na-novyi-riven-chy-znaly-vy-pro-likuvalni-vlastyvosti-tsykh-hrybiv/,news,ru
https://dikoros-ua.com/chy-zberihaiut-susheni-hryby-svoi-korysni-vlastyvosti/,news,ua
https://dikoros-ua.com/en/chy-zberihaiut-susheni-hryby-svoi-korysni-vlastyvosti/,news,en
https://dikoros-ua.com/ru/chy-zberihaiut-susheni-hryby-svoi-korysni-vlastyvosti/,news,ru
https://dikoros-ua.com/shcho-take-yizhovyk-hrebinchastyi-vse-pro-koryst-ta-vlastyvosti-hryba-vid-dikoros/,news,ua
https://dikoros-ua.com/en/shcho-take-yizhovyk-hrebinchastyi-vse-pro-koryst-ta-vlastyvosti-hryba-vid-dikoros/,news,en
https://dikoros-ua.com/ru/shcho-take-yizhovyk-hrebinchastyi-vse-pro-koryst-ta-vlastyvosti-hryba-vid-dikoros/,news,ru
https://dikoros-ua.com/chomu-mikrodozynh-mukhomora-chervonoho-spryiaie-khoroshomu-nastroiu-ta-emotsiinomu-stanu/,news,ua
https://dikoros-ua.com/en/chomu-mikrodozynh-mukhomora-chervonoho-spryiaie-khoroshomu-nastroiu-ta-emotsiinomu-stanu/,news,en
https://dikoros-ua.com/ru/chomu-mikrodozynh-mukhomora-chervonoho-spryiaie-khoroshomu-nastroiu-ta-emotsiinomu-stanu/,news,ru
https://dikoros-ua.com/aktsiia-znyzhka-za-vidhuk/,news,ua
https://dikoros-ua.com/en/aktsiia-znyzhka-za-vidhuk/,news,en
https://dikoros-ua.com/ru/aktsiia-znyzhka-za-vidhuk/,news,ru
https://dikoros-ua.com/yakymy-unikalnymy-produktamy-z-hrybiv-rozshyryty-asortyment-mahazynu-mikrodozynh-mukhomoriv-susheni-hryby-optom-ta-bahato-inshoho-dikoros/,news,ua
https://dikoros-ua.com/en/yakymy-unikalnymy-produktamy-z-hrybiv-rozshyryty-asortyment-mahazynu-mikrodozynh-mukhomoriv-susheni-hryby-optom-ta-bahato-inshoho-dikoros/,news,en
https://dikoros-ua.com/ru/yakymy-unikalnymy-produktamy-z-hrybiv-rozshyryty-asortyment-mahazynu-mikrodozynh-mukhomoriv-susheni-hryby-optom-ta-bahato-inshoho-dikoros/,news,ru
https://dikoros-ua.com/yakyi-vplyv-na-orhanizm-maie-rehuliarne-spozhyvannia-sushenykh-hrybiv/,news,ua
https://dikoros-ua.com/en/yakyi-vplyv-na-orhanizm-maie-rehuliarne-spozhyvannia-sushenykh-hrybiv/,news,en
https://dikoros-ua.com/ru/yakyi-vplyv-na-orhanizm-maie-rehuliarne-spozhyvannia-sushenykh-hrybiv/,news,ru
https://dikoros-ua.com/yaka-koryst-mikrodozynhu-mukhomoriv-ohliad-vid-dikorosua/,news,ua
https://dikoros-ua.com/en/yaka-koryst-mikrodozynhu-mukhomoriv-ohliad-vid-dikorosua/,news,en
https://dikoros-ua.com/ru/yaka-koryst-mikrodozynhu-mukhomoriv-ohliad-vid-dikorosua/,news,ru
https://dikoros-ua.com/my-rozrobyly-svii-dodatok-dikoros/,news,ua
https://dikoros-ua.com/en/my-rozrobyly-svii-dodatok-dikoros/,news,en
https://dikoros-ua.com/ru/my-rozrobyly-svii-dodatok-dikoros/,news,ru
https://dikoros-ua.com/meest-dikoros/,news,ua
https://dikoros-ua.com/en/meest-dikoros/,news,en
https://dikoros-ua.com/ru/meest-dikoros/,news,ru
https://dikoros-ua.com/susheni-mukhomory-v-medytsyni/,news,ua
https://dikoros-ua.com/en/susheni-mukhomory-v-medytsyni/,news,en
https://dikoros-ua.com/ru/susheni-mukhomory-v-medytsyni/,news,ru
https://dikoros-ua.com/informatsiia-pro-gryby/,news,ua
https://dikoros-ua.com/en/informatsiia-pro-gryby/,news,en
https://dikoros-ua.com/ru/informatsiia-pro-gryby/,news,ru
https://dikoros-ua.com/bilyi-hryb-lisovyi-korol/,news,ua
https://dikoros-ua.com/en/bilyi-hryb-lisovyi-korol/,news,en
https://dikoros-ua.com/ru/bilyi-hryb-lisovyi-korol/,news,ru
https://dikoros-ua.com/mukhomor-chervonyi-likuvalni-vlastyvosti-i-protypokazannia/,news,ua
https://dikoros-ua.com/en/mukhomor-chervonyi-likuvalni-vlastyvosti-i-protypokazannia/,news,en
https://dikoros-ua.com/ru/mukhomor-chervonyi-likuvalni-vlastyvosti-i-protypokazannia/,news,ru
https://dikoros-ua.com/druzi-maiemo-pryiemnu-novynu/,news,ua
https://dikoros-ua.com/en/druzi-maiemo-pryiemnu-novynu/,news,en
https://dikoros-ua.com/ru/druzi-maiemo-pryiemnu-novynu/,news,ru
https://dikoros-ua.com/uvaha-zapuskaiemo-aktsiiu-hryb-misiatsia/,news,ua
https://dikoros-ua.com/en/uvaha-zapuskaiemo-aktsiiu-hryb-misiatsia/,news,en
https://dikoros-ua.com/ru/uvaha-zapuskaiemo-aktsiiu-hryb-misiatsia/,news,ru
https://dikoros-ua.com/anons-tovariv-tyzhnia-na-period-04.05.26-po-31.05.2026/,news,ua
https://dikoros-ua.com/en/anons-tovariv-tyzhnia-na-period-04.05.26-po-31.05.2026/,news,en
https://dikoros-ua.com/ru/anons-tovariv-tyzhnia-na-period-04.05.26-po-31.05.2026/,news,ru
https://dikoros-ua.com/vesna-aromat-pasky-tepli-zustrichi-z-ridnymy-ta-vidchuttia-vidnovlennia-same-takym-ye-velykden./,news,ua
https://dikoros-ua.com/en/vesna-aromat-pasky-tepli-zustrichi-z-ridnymy-ta-vidchuttia-vidnovlennia-same-takym-ye-velykden./,news,en
https://dikoros-ua.com/ru/vesna-aromat-pasky-tepli-zustrichi-z-ridnymy-ta-vidchuttia-vidnovlennia-same-takym-ye-velykden./,news,ru
https://dikoros-ua.com/shevchenkivski-dni/,news,ua
https://dikoros-ua.com/en/shevchenkivski-dni/,news,en
https://dikoros-ua.com/ru/shevchenkivski-dni/,news,ru
https://dikoros-ua.com/den-sviatoho-valentyna/,news,ua
https://dikoros-ua.com/en/den-sviatoho-valentyna/,news,en
https://dikoros-ua.com/ru/den-sviatoho-valentyna/,news,ru
https://dikoros-ua.com/lovit-znyzhku-za-vidhuk/,news,ua
https://dikoros-ua.com/en/lovit-znyzhku-za-vidhuk/,news,en
https://dikoros-ua.com/ru/lovit-znyzhku-za-vidhuk/,news,ru
https://dikoros-ua.com/bezkoshtovna-dostavka/,news,ua
https://dikoros-ua.com/en/bezkoshtovna-dostavka/,news,en
https://dikoros-ua.com/ru/bezkoshtovna-dostavka/,news,ru
https://dikoros-ua.com/rizdviano-novorichna-aktsiia/128/,news,ua
https://dikoros-ua.com/en/rizdviano-novorichna-aktsiia/128/,news,en
https://dikoros-ua.com/ru/rizdviano-novorichna-aktsiia/128/,news,ru
https://dikoros-ua.com/chorna-piatnytsia-2025/,news,ua
https://dikoros-ua.com/en/chorna-piatnytsia-2025/,news,en
https://dikoros-ua.com/ru/chorna-piatnytsia-2025/,news,ru
https://dikoros-ua.com/sviatkui-khellovin-razom-iz-namy/,news,ua
https://dikoros-ua.com/en/sviatkui-khellovin-razom-iz-namy/,news,en
https://dikoros-ua.com/ru/sviatkui-khellovin-razom-iz-namy/,news,ru
https://dikoros-ua.com/druzi-nam-6-rokiv/,news,ua
https://dikoros-ua.com/en/druzi-nam-6-rokiv/,news,en
https://dikoros-ua.com/ru/druzi-nam-6-rokiv/,news,ru
https://dikoros-ua.com/arkhiv-aktsii/114/,news,ua
https://dikoros-ua.com/en/arkhiv-aktsii/114/,news,en
https://dikoros-ua.com/ru/arkhiv-aktsii/114/,news,ru
https://dikoros-ua.com/z-dnem-nezalezhnosti-ukraino/,news,ua
https://dikoros-ua.com/en/z-dnem-nezalezhnosti-ukraino/,news,en
https://dikoros-ua.com/ru/z-dnem-nezalezhnosti-ukraino/,news,ru
https://dikoros-ua.com/ivana-kupala/,news,ua
https://dikoros-ua.com/en/ivana-kupala/,news,en
https://dikoros-ua.com/ru/ivana-kupala/,news,ru
https://dikoros-ua.com/den-konstytutsii-ukrainy/,news,ua
https://dikoros-ua.com/en/den-konstytutsii-ukrainy/,news,en
https://dikoros-ua.com/ru/den-konstytutsii-ukrainy/,news,ru
https://dikoros-ua.com/den-sviatoi-triitsi/,news,ua
https://dikoros-ua.com/en/den-sviatoi-triitsi/,news,en
https://dikoros-ua.com/ru/den-sviatoi-triitsi/,news,ru
https://dikoros-ua.com/arkhiv-aktsii/98/,news,ua
https://dikoros-ua.com/en/arkhiv-aktsii/98/,news,en
https://dikoros-ua.com/ru/arkhiv-aktsii/98/,news,ru
https://dikoros-ua.com/vyshyvanka-kod-natsii/,news,ua
https://dikoros-ua.com/en/vyshyvanka-kod-natsii/,news,en
https://dikoros-ua.com/ru/vyshyvanka-kod-natsii/,news,ru
https://dikoros-ua.com/mizhnarodnyi-den-pratsi./,news,ua
https://dikoros-ua.com/en/mizhnarodnyi-den-pratsi./,news,en
https://dikoros-ua.com/ru/mizhnarodnyi-den-pratsi./,news,ru
https://dikoros-ua.com/velykodnia-mahiia-zdorovia/,news,ua
https://dikoros-ua.com/en/velykodnia-mahiia-zdorovia/,news,en
https://dikoros-ua.com/ru/velykodnia-mahiia-zdorovia/,news,ru
https://dikoros-ua.com/aktsiia-do-dnia-smikhu-usmikhnitsia-razom/,news,ua
https://dikoros-ua.com/en/aktsiia-do-dnia-smikhu-usmikhnitsia-razom/,news,en
https://dikoros-ua.com/ru/aktsiia-do-dnia-smikhu-usmikhnitsia-razom/,news,ru
https://dikoros-ua.com/aktsiia-shevchenkivski-dni-06.03.2025-10.03.2025r./,news,ua
https://dikoros-ua.com/en/aktsiia-shevchenkivski-dni-06.03.2025-10.03.2025r./,news,en
https://dikoros-ua.com/ru/aktsiia-shevchenkivski-dni-06.03.2025-10.03.2025r./,news,ru
https://dikoros-ua.com/sviatkui-maslianu-z-namy/,news,ua
https://dikoros-ua.com/en/sviatkui-maslianu-z-namy/,news,en
https://dikoros-ua.com/ru/sviatkui-maslianu-z-namy/,news,ru
https://dikoros-ua.com/daruiemo-liubov-113/,news,ua
https://dikoros-ua.com/en/daruiemo-liubov-113/,news,en
https://dikoros-ua.com/ru/daruiemo-liubov-113/,news,ru
https://dikoros-ua.com/arkhiv-aktsii/63/,news,ua
https://dikoros-ua.com/en/arkhiv-aktsii/63/,news,en
https://dikoros-ua.com/ru/arkhiv-aktsii/63/,news,ru
https://dikoros-ua.com/hryb-chaha-v-kapsulakh-100-05/,catalog,ua
https://dikoros-ua.com/en/hryb-chaha-v-kapsulakh-100-05/,catalog,en
https://dikoros-ua.com/ru/hryb-chaha-v-kapsulakh-100-05/,catalog,ru
https://dikoros-ua.com/hryb-veselka-v-kapsulakh-60-05/,catalog,ua
https://dikoros-ua.com/en/hryb-veselka-v-kapsulakh-60-05/,catalog,en
https://dikoros-ua.com/ru/hryb-veselka-v-kapsulakh-60-05/,catalog,ru
https://dikoros-ua.com/lysychka-spravzhnia-cantharellus-cibarius-stop-parazyt-60-kapsul-po-05-hrama/1053/,catalog,ua
https://dikoros-ua.com/en/lysychka-spravzhnia-cantharellus-cibarius-stop-parazyt-60-kapsul-po-05-hrama/1053/,catalog,en
https://dikoros-ua.com/ru/lysychka-spravzhnia-cantharellus-cibarius-stop-parazyt-60-kapsul-po-05-hrama/1053/,catalog,ru
https://dikoros-ua.com/mikrodozinh-mix-05-hrama-60-kapsul-mikh-60-05/,catalog,ua
https://dikoros-ua.com/en/mikrodozinh-mix-05-hrama-60-kapsul-mikh-60-05/,catalog,en
https://dikoros-ua.com/ru/mikrodozinh-mix-05-hrama-60-kapsul-mikh-60-05/,catalog,ru
https://dikoros-ua.com/yizhovyk-hrebinchastyi-v-kapsulakh-05-hrama-60-kapsul/,catalog,ua
https://dikoros-ua.com/en/yizhovyk-hrebinchastyi-v-kapsulakh-05-hrama-60-kapsul/,catalog,en
https://dikoros-ua.com/ru/yizhovyk-hrebinchastyi-v-kapsulakh-05-hrama-60-kapsul/,catalog,ru
https://dikoros-ua.com/mukhomor-panternyi-v-kapsulakh-lat.-amanita-panteria-60-05/,catalog,ua
https://dikoros-ua.com/en/mukhomor-panternyi-v-kapsulakh-lat.-amanita-panteria-60-05/,catalog,en
https://dikoros-ua.com/ru/mukhomor-panternyi-v-kapsulakh-lat.-amanita-panteria-60-05/,catalog,ru
https://dikoros-ua.com/mukhomornyi-mikrodozinh-05-hrama-60-kapsul-mkhmk-60-05/,catalog,ua
https://dikoros-ua.com/en/mukhomornyi-mikrodozinh-05-hrama-60-kapsul-mkhmk-60-05/,catalog,en
https://dikoros-ua.com/ru/mukhomornyi-mikrodozinh-05-hrama-60-kapsul-mkhmk-60-05/,catalog,ru
https://dikoros-ua.com/yizhovyk-hrebinchastyi-poroshok-v-banochkakh-herytsii-yizhakovyi-sushenyi-melenyi-100-hram/,catalog,ua
https://dikoros-ua.com/en/yizhovyk-hrebinchastyi-poroshok-v-banochkakh-herytsii-yizhakovyi-sushenyi-melenyi-100-hram/,catalog,en
https://dikoros-ua.com/ru/yizhovyk-hrebinchastyi-poroshok-v-banochkakh-herytsii-yizhakovyi-sushenyi-melenyi-100-hram/,catalog,ru
https://dikoros-ua.com/mukhomor-chervonyi-amanita-muscaria-shliapky-susheni-meleni-100-hram/1071/,catalog,ua
https://dikoros-ua.com/en/mukhomor-chervonyi-amanita-muscaria-shliapky-susheni-meleni-100-hram/1071/,catalog,en
https://dikoros-ua.com/ru/mukhomor-chervonyi-amanita-muscaria-shliapky-susheni-meleni-100-hram/1071/,catalog,ru
https://dikoros-ua.com/mukhomor-korolivskyi-05hrama-120-kapsul/1055/,catalog,ua
https://dikoros-ua.com/en/mukhomor-korolivskyi-05hrama-120-kapsul/1055/,catalog,en
https://dikoros-ua.com/ru/mukhomor-korolivskyi-05hrama-120-kapsul/1055/,catalog,ru
https://dikoros-ua.com/yizhovyk-hrebinchastyi-mitselii-60-kapsul-po-05hr/,catalog,ua
https://dikoros-ua.com/en/yizhovyk-hrebinchastyi-mitselii-60-kapsul-po-05hr/,catalog,en
https://dikoros-ua.com/ru/yizhovyk-hrebinchastyi-mitselii-60-kapsul-po-05hr/,catalog,ru
https://dikoros-ua.com/kordytseps-viiskovyi-60kapsul-po-05hr/,catalog,ua
https://dikoros-ua.com/en/kordytseps-viiskovyi-60kapsul-po-05hr/,catalog,en
https://dikoros-ua.com/ru/kordytseps-viiskovyi-60kapsul-po-05hr/,catalog,ru
https://dikoros-ua.com/mix-sport-60-kapsul-po-05hr-mukhomor-chervonyi-kordytseps/,catalog,ua
https://dikoros-ua.com/en/mix-sport-60-kapsul-po-05hr-mukhomor-chervonyi-kordytseps/,catalog,en
https://dikoros-ua.com/ru/mix-sport-60-kapsul-po-05hr-mukhomor-chervonyi-kordytseps/,catalog,ru
https://dikoros-ua.com/mikrodozinh-premium-mukhomor-chervonyi-amanita-muscaria-60-kapsul-po-05-hrama/,catalog,ua
https://dikoros-ua.com/en/mikrodozinh-premium-mukhomor-chervonyi-amanita-muscaria-60-kapsul-po-05-hrama/,catalog,en
https://dikoros-ua.com/ru/mikrodozinh-premium-mukhomor-chervonyi-amanita-muscaria-60-kapsul-po-05-hrama/,catalog,ru
https://dikoros-ua.com/mikrodozinh-all-inclusive-mukhomor-chervonyi-yizhovyk-hrebinchastyi-kordytseps-viiskovyi-60-kapsul-po-05hr/804/1061/,catalog,ua
https://dikoros-ua.com/en/mikrodozinh-all-inclusive-mukhomor-chervonyi-yizhovyk-hrebinchastyi-kordytseps-viiskovyi-60-kapsul-po-05hr/804/1061/,catalog,en
https://dikoros-ua.com/ru/mikrodozinh-all-inclusive-mukhomor-chervonyi-yizhovyk-hrebinchastyi-kordytseps-viiskovyi-60-kapsul-po-05hr/804/1061/,catalog,ru
https://dikoros-ua.com/mikrodozinh-mix-brain-booster-miks-yizhovykiv-mitselii-60-kapsul-po-05-hrama/,catalog,ua
https://dikoros-ua.com/en/mikrodozinh-mix-brain-booster-miks-yizhovykiv-mitselii-60-kapsul-po-05-hrama/,catalog,en
https://dikoros-ua.com/ru/mikrodozinh-mix-brain-booster-miks-yizhovykiv-mitselii-60-kapsul-po-05-hrama/,catalog,ru
https://dikoros-ua.com/mikrodozinh-mix-brain-booster-miks-yizhovykiv-mitselii-150-hram/,catalog,ua
https://dikoros-ua.com/en/mikrodozinh-mix-brain-booster-miks-yizhovykiv-mitselii-150-hram/,catalog,en
https://dikoros-ua.com/ru/mikrodozinh-mix-brain-booster-miks-yizhovykiv-mitselii-150-hram/,catalog,ru
https://dikoros-ua.com/mikrodozinh-immunity-activator-trametes-mitselii-60-kapsul-po-05-hrama/,catalog,ua
https://dikoros-ua.com/en/mikrodozinh-immunity-activator-trametes-mitselii-60-kapsul-po-05-hrama/,catalog,en
https://dikoros-ua.com/ru/mikrodozinh-immunity-activator-trametes-mitselii-60-kapsul-po-05-hrama/,catalog,ru
https://dikoros-ua.com/mikrodozinh-xxl-trametes-riznokolorovyi-mitselii-200hram-v-banochtsi/,catalog,ua
https://dikoros-ua.com/en/mikrodozinh-xxl-trametes-riznokolorovyi-mitselii-200hram-v-banochtsi/,catalog,en
https://dikoros-ua.com/ru/mikrodozinh-xxl-trametes-riznokolorovyi-mitselii-200hram-v-banochtsi/,catalog,ru
https://dikoros-ua.com/mikrodozinh/859/,catalog,ua
https://dikoros-ua.com/en/mikrodozinh/859/,catalog,en
https://dikoros-ua.com/ru/mikrodozinh/859/,catalog,ru
https://dikoros-ua.com/mikrodozinh/941/,catalog,ua
https://dikoros-ua.com/en/mikrodozinh/941/,catalog,en
https://dikoros-ua.com/ru/mikrodozinh/941/,catalog,ru
https://dikoros-ua.com/hryb-chaha-poroshok-v-banochtsi-100-hram/943/,catalog,ua
https://dikoros-ua.com/en/hryb-chaha-poroshok-v-banochtsi-100-hram/943/,catalog,en
https://dikoros-ua.com/ru/hryb-chaha-poroshok-v-banochtsi-100-hram/943/,catalog,ru
https://dikoros-ua.com/mikrodozinh/967/,catalog,ua
https://dikoros-ua.com/en/mikrodozinh/967/,catalog,en
https://dikoros-ua.com/ru/mikrodozinh/967/,catalog,ru
https://dikoros-ua.com/mikrodozinh/988/,catalog,ua
https://dikoros-ua.com/en/mikrodozinh/988/,catalog,en
https://dikoros-ua.com/ru/mikrodozinh/988/,catalog,ru
https://dikoros-ua.com/copy_mukhomor-chervonyi-mukhomor-panternyi-2v1-60-kapsul-po-05-hram/,catalog,ua
https://dikoros-ua.com/en/copy_mukhomor-chervonyi-mukhomor-panternyi-2v1-60-kapsul-po-05-hram/,catalog,en
https://dikoros-ua.com/ru/copy_mukhomor-chervonyi-mukhomor-panternyi-2v1-60-kapsul-po-05-hram/,catalog,ru
https://dikoros-ua.com/mix-poroshok-v-banochkakh-amanita-muscaria-hericum-erinaceus-100-hram/1073/,catalog,ua
https://dikoros-ua.com/en/mix-poroshok-v-banochkakh-amanita-muscaria-hericum-erinaceus-100-hram/1073/,catalog,en
https://dikoros-ua.com/ru/mix-poroshok-v-banochkakh-amanita-muscaria-hericum-erinaceus-100-hram/1073/,catalog,ru
https://dikoros-ua.com/mikrodozinh/1089/,catalog,ua
https://dikoros-ua.com/en/mikrodozinh/1089/,catalog,en
https://dikoros-ua.com/ru/mikrodozinh/1089/,catalog,ru
https://dikoros-ua.com/mikrodozinh/1135/,catalog,ua
https://dikoros-ua.com/en/mikrodozinh/1135/,catalog,en
https://dikoros-ua.com/ru/mikrodozinh/1135/,catalog,ru
https://dikoros-ua.com/spirulina-poroshok-100-sushena-melena/,catalog,ua
https://dikoros-ua.com/en/spirulina-poroshok-100-sushena-melena/,catalog,en
https://dikoros-ua.com/ru/spirulina-poroshok-100-sushena-melena/,catalog,ru
https://dikoros-ua.com/3-top-produkty-po-300-hrn/,catalog,ua
https://dikoros-ua.com/en/3-top-produkty-po-300-hrn/,catalog,en
https://dikoros-ua.com/ru/3-top-produkty-po-300-hrn/,catalog,ru
https://dikoros-ua.com/spirulina-v-tabletkakh/,catalog,ua
https://dikoros-ua.com/en/spirulina-v-tabletkakh/,catalog,en
https://dikoros-ua.com/ru/spirulina-v-tabletkakh/,catalog,ru
https://dikoros-ua.com/ashvahanda-120-kapsul-po-05-hrama/1144/,catalog,ua
https://dikoros-ua.com/en/ashvahanda-120-kapsul-po-05-hrama/1144/,catalog,en
https://dikoros-ua.com/ru/ashvahanda-120-kapsul-po-05-hrama/1144/,catalog,ru
https://dikoros-ua.com/trutovyk-sirchano-zhovtyi-laetiporus-sulphureus-sushenyi-100-hram/,catalog,ua
https://dikoros-ua.com/en/trutovyk-sirchano-zhovtyi-laetiporus-sulphureus-sushenyi-100-hram/,catalog,en
https://dikoros-ua.com/ru/trutovyk-sirchano-zhovtyi-laetiporus-sulphureus-sushenyi-100-hram/,catalog,ru
https://dikoros-ua.com/hryb-bilyi-borovyk-boletus-edulis-bulbosus-1-hram/,catalog,ua
https://dikoros-ua.com/en/hryb-bilyi-borovyk-boletus-edulis-bulbosus-1-hram/,catalog,en
https://dikoros-ua.com/ru/hryb-bilyi-borovyk-boletus-edulis-bulbosus-1-hram/,catalog,ru
https://dikoros-ua.com/shliapky-mukhomoru-panternoho-amanita-pantherina-susheni-1-hram/1017/,catalog,ua
https://dikoros-ua.com/en/shliapky-mukhomoru-panternoho-amanita-pantherina-susheni-1-hram/1017/,catalog,en
https://dikoros-ua.com/ru/shliapky-mukhomoru-panternoho-amanita-pantherina-susheni-1-hram/1017/,catalog,ru
https://dikoros-ua.com/chaha-inonotus-obliquus-sushena-1-hram/,catalog,ua
https://dikoros-ua.com/en/chaha-inonotus-obliquus-sushena-1-hram/,catalog,en
https://dikoros-ua.com/ru/chaha-inonotus-obliquus-sushena-1-hram/,catalog,ru
https://dikoros-ua.com/nizhky-mukhomoru-chervonoho-susheni-rizani-1-hram/,catalog,ua
https://dikoros-ua.com/en/nizhky-mukhomoru-chervonoho-susheni-rizani-1-hram/,catalog,en
https://dikoros-ua.com/ru/nizhky-mukhomoru-chervonoho-susheni-rizani-1-hram/,catalog,ru
https://dikoros-ua.com/trutovyk-lakovanyi-reishi-ganoderma-lucidum-1-hram/,catalog,ua
https://dikoros-ua.com/en/trutovyk-lakovanyi-reishi-ganoderma-lucidum-1-hram/,catalog,en
https://dikoros-ua.com/ru/trutovyk-lakovanyi-reishi-ganoderma-lucidum-1-hram/,catalog,ru
https://dikoros-ua.com/nizhky-mukhomoru-panternoho-susheni-rizani-1-hram/,catalog,ua
https://dikoros-ua.com/en/nizhky-mukhomoru-panternoho-susheni-rizani-1-hram/,catalog,en
https://dikoros-ua.com/ru/nizhky-mukhomoru-panternoho-susheni-rizani-1-hram/,catalog,ru
https://dikoros-ua.com/yizhovyk-hrebinchastyi-sushenyi-herytsii-yizhakovyi-sushenyi-1-hram/,catalog,ua
https://dikoros-ua.com/en/yizhovyk-hrebinchastyi-sushenyi-herytsii-yizhakovyi-sushenyi-1-hram/,catalog,en
https://dikoros-ua.com/ru/yizhovyk-hrebinchastyi-sushenyi-herytsii-yizhakovyi-sushenyi-1-hram/,catalog,ru
https://dikoros-ua.com/zmorshok-konichnyi-lat.-morchella-conica-sushenyi-1-sort-50-hram/,catalog,ua
https://dikoros-ua.com/en/zmorshok-konichnyi-lat.-morchella-conica-sushenyi-1-sort-50-hram/,catalog,en
https://dikoros-ua.com/ru/zmorshok-konichnyi-lat.-morchella-conica-sushenyi-1-sort-50-hram/,catalog,ru
https://dikoros-ua.com/hryb-veselka-panna-lat.-phallus-impudicus-sushenyi-50-hram/,catalog,ua
https://dikoros-ua.com/en/hryb-veselka-panna-lat.-phallus-impudicus-sushenyi-50-hram/,catalog,en
https://dikoros-ua.com/ru/hryb-veselka-panna-lat.-phallus-impudicus-sushenyi-50-hram/,catalog,ru
https://dikoros-ua.com/lysychka-cantharellus-cibarius-sushena-ekstra-sort-1-hram/999/,catalog,ua
https://dikoros-ua.com/en/lysychka-cantharellus-cibarius-sushena-ekstra-sort-1-hram/999/,catalog,en
https://dikoros-ua.com/ru/lysychka-cantharellus-cibarius-sushena-ekstra-sort-1-hram/999/,catalog,ru
https://dikoros-ua.com/zmorshkova-shapynka-lat.-verpa-bohemica-sushena-1-sort-50-hram/,catalog,ua
https://dikoros-ua.com/en/zmorshkova-shapynka-lat.-verpa-bohemica-sushena-1-sort-50-hram/,catalog,en
https://dikoros-ua.com/ru/zmorshkova-shapynka-lat.-verpa-bohemica-sushena-1-sort-50-hram/,catalog,ru
https://dikoros-ua.com/shliapky-mukhomoru-chervonoho-amanita-muscaria-susheni-1-sort-1-hram/,catalog,ua
https://dikoros-ua.com/en/shliapky-mukhomoru-chervonoho-amanita-muscaria-susheni-1-sort-1-hram/,catalog,en
https://dikoros-ua.com/ru/shliapky-mukhomoru-chervonoho-amanita-muscaria-susheni-1-sort-1-hram/,catalog,ru
https://dikoros-ua.com/shliapky-mukhomoru-korolivskoho-amanita-regalis-susheni/,catalog,ua
https://dikoros-ua.com/en/shliapky-mukhomoru-korolivskoho-amanita-regalis-susheni/,catalog,en
https://dikoros-ua.com/ru/shliapky-mukhomoru-korolivskoho-amanita-regalis-susheni/,catalog,ru
https://dikoros-ua.com/kordytseps-viiskovyi-cordyceps-sushenyi/,catalog,ua
https://dikoros-ua.com/en/kordytseps-viiskovyi-cordyceps-sushenyi/,catalog,en
https://dikoros-ua.com/ru/kordytseps-viiskovyi-cordyceps-sushenyi/,catalog,ru
https://dikoros-ua.com/hryby-susheni/987/,catalog,ua
https://dikoros-ua.com/en/hryby-susheni/987/,catalog,en
https://dikoros-ua.com/ru/hryby-susheni/987/,catalog,ru
https://dikoros-ua.com/copy_trametes-riznobarvnyitrametes-versicolor-sushenyi-100-hram/,catalog,ua
https://dikoros-ua.com/en/copy_trametes-riznobarvnyitrametes-versicolor-sushenyi-100-hram/,catalog,en
https://dikoros-ua.com/ru/copy_trametes-riznobarvnyitrametes-versicolor-sushenyi-100-hram/,catalog,ru
https://dikoros-ua.com/oliia-cbd-mst-10-ml-33/,catalog,ua
https://dikoros-ua.com/en/oliia-cbd-mst-10-ml-33/,catalog,en
https://dikoros-ua.com/ru/oliia-cbd-mst-10-ml-33/,catalog,ru
https://dikoros-ua.com/zheleini-vedmedyky-cbd-z-kanabidiolom-zi-smakom-yabluka-40-hram/,catalog,ua
https://dikoros-ua.com/en/zheleini-vedmedyky-cbd-z-kanabidiolom-zi-smakom-yabluka-40-hram/,catalog,en
https://dikoros-ua.com/ru/zheleini-vedmedyky-cbd-z-kanabidiolom-zi-smakom-yabluka-40-hram/,catalog,ru
https://dikoros-ua.com/maz-mukhomorna-vazylin-mukhomor-chervonyi-100-ml/,catalog,ua
https://dikoros-ua.com/en/maz-mukhomorna-vazylin-mukhomor-chervonyi-100-ml/,catalog,en
https://dikoros-ua.com/ru/maz-mukhomorna-vazylin-mukhomor-chervonyi-100-ml/,catalog,ru
https://dikoros-ua.com/maz-vedmezhyi-zhyr-mukhomor-100-ml/,catalog,ua
https://dikoros-ua.com/en/maz-vedmezhyi-zhyr-mukhomor-100-ml/,catalog,en
https://dikoros-ua.com/ru/maz-vedmezhyi-zhyr-mukhomor-100-ml/,catalog,ru
https://dikoros-ua.com/maz-borsuchyi-zhyr-mukhomor-100-ml/,catalog,ua
https://dikoros-ua.com/en/maz-borsuchyi-zhyr-mukhomor-100-ml/,catalog,en
https://dikoros-ua.com/ru/maz-borsuchyi-zhyr-mukhomor-100-ml/,catalog,ru
https://dikoros-ua.com/maz-propolisno-viskova-10/,catalog,ua
https://dikoros-ua.com/en/maz-propolisno-viskova-10/,catalog,en
https://dikoros-ua.com/ru/maz-propolisno-viskova-10/,catalog,ru
https://dikoros-ua.com/nastoianka-na-shliapkakh-mukhomoru-chervonoho-amanita-muscaria-01-litra-mkhmch-01n-01/,catalog,ua
https://dikoros-ua.com/en/nastoianka-na-shliapkakh-mukhomoru-chervonoho-amanita-muscaria-01-litra-mkhmch-01n-01/,catalog,en
https://dikoros-ua.com/ru/nastoianka-na-shliapkakh-mukhomoru-chervonoho-amanita-muscaria-01-litra-mkhmch-01n-01/,catalog,ru
https://dikoros-ua.com/vohnivka-nastoianka-voskovoi-moli-50-01-litra-oh-01n-01/,catalog,ua
https://dikoros-ua.com/en/vohnivka-nastoianka-voskovoi-moli-50-01-litra-oh-01n-01/,catalog,en
https://dikoros-ua.com/ru/vohnivka-nastoianka-voskovoi-moli-50-01-litra-oh-01n-01/,catalog,ru
https://dikoros-ua.com/nastoianka-hryba-veselky-3-litra-hv-01n-1/,catalog,ua
https://dikoros-ua.com/en/nastoianka-hryba-veselky-3-litra-hv-01n-1/,catalog,en
https://dikoros-ua.com/ru/nastoianka-hryba-veselky-3-litra-hv-01n-1/,catalog,ru
https://dikoros-ua.com/nastoianka-propolisu-20/,catalog,ua
https://dikoros-ua.com/en/nastoianka-propolisu-20/,catalog,en
https://dikoros-ua.com/ru/nastoianka-propolisu-20/,catalog,ru
https://dikoros-ua.com/nastoianky/1065/,catalog,ua
https://dikoros-ua.com/en/nastoianky/1065/,catalog,en
https://dikoros-ua.com/ru/nastoianky/1065/,catalog,ru
https://dikoros-ua.com/kalyna-chervona-viburnum-opulus-sushena-100-hram/,catalog,ua
https://dikoros-ua.com/en/kalyna-chervona-viburnum-opulus-sushena-100-hram/,catalog,en
https://dikoros-ua.com/ru/kalyna-chervona-viburnum-opulus-sushena-100-hram/,catalog,ru
https://dikoros-ua.com/shypshyna-zvychaina-rosa-canina-l.-sushena-100-hram/,catalog,ua
https://dikoros-ua.com/en/shypshyna-zvychaina-rosa-canina-l.-sushena-100-hram/,catalog,en
https://dikoros-ua.com/ru/shypshyna-zvychaina-rosa-canina-l.-sushena-100-hram/,catalog,ru
https://dikoros-ua.com/valeriana-valeriana-sushena-50-hram/,catalog,ua
https://dikoros-ua.com/en/valeriana-valeriana-sushena-50-hram/,catalog,en
https://dikoros-ua.com/ru/valeriana-valeriana-sushena-50-hram/,catalog,ru
https://dikoros-ua.com/hlid-crataegus-sushenyi-50-hram/,catalog,ua
https://dikoros-ua.com/en/hlid-crataegus-sushenyi-50-hram/,catalog,en
https://dikoros-ua.com/ru/hlid-crataegus-sushenyi-50-hram/,catalog,ru
https://dikoros-ua.com/korin-lopukha-sushenyi-50-hram/,catalog,ua
https://dikoros-ua.com/en/korin-lopukha-sushenyi-50-hram/,catalog,en
https://dikoros-ua.com/ru/korin-lopukha-sushenyi-50-hram/,catalog,ru
https://dikoros-ua.com/korin-kalhanu-sushenyi-50-hram/,catalog,ua
https://dikoros-ua.com/en/korin-kalhanu-sushenyi-50-hram/,catalog,en
https://dikoros-ua.com/ru/korin-kalhanu-sushenyi-50-hram/,catalog,ru
https://dikoros-ua.com/materynka-dushytsa-sushena-50-hram/,catalog,ua
https://dikoros-ua.com/en/materynka-dushytsa-sushena-50-hram/,catalog,en
https://dikoros-ua.com/ru/materynka-dushytsa-sushena-50-hram/,catalog,ru
https://dikoros-ua.com/bezsmertnyk-kvity-susheni-50-hram/,catalog,ua
https://dikoros-ua.com/en/bezsmertnyk-kvity-susheni-50-hram/,catalog,en
https://dikoros-ua.com/ru/bezsmertnyk-kvity-susheni-50-hram/,catalog,ru
https://dikoros-ua.com/polyn-hirkyi-artemisia-absinthium-sushenyi-50-hram/,catalog,ua
https://dikoros-ua.com/en/polyn-hirkyi-artemisia-absinthium-sushenyi-50-hram/,catalog,en
https://dikoros-ua.com/ru/polyn-hirkyi-artemisia-absinthium-sushenyi-50-hram/,catalog,ru
https://dikoros-ua.com/lypa-tilia-sushena-50-hram/,catalog,ua
https://dikoros-ua.com/en/lypa-tilia-sushena-50-hram/,catalog,en
https://dikoros-ua.com/ru/lypa-tilia-sushena-50-hram/,catalog,ru
https://dikoros-ua.com/zvirobii-zvychainyi-hypericum-perforatum-l.-sushenyi-50-hram/,catalog,ua
https://dikoros-ua.com/en/zvirobii-zvychainyi-hypericum-perforatum-l.-sushenyi-50-hram/,catalog,en
https://dikoros-ua.com/ru/zvirobii-zvychainyi-hypericum-perforatum-l.-sushenyi-50-hram/,catalog,ru
https://dikoros-ua.com/melisa-likarska-lat.-melissa-officinalis-l-sushena-50-hram/,catalog,ua
https://dikoros-ua.com/en/melisa-likarska-lat.-melissa-officinalis-l-sushena-50-hram/,catalog,en
https://dikoros-ua.com/ru/melisa-likarska-lat.-melissa-officinalis-l-sushena-50-hram/,catalog,ru
https://dikoros-ua.com/chebrets-thymus-sushenyi-50-hram/,catalog,ua
https://dikoros-ua.com/en/chebrets-thymus-sushenyi-50-hram/,catalog,en
https://dikoros-ua.com/ru/chebrets-thymus-sushenyi-50-hram/,catalog,ru
https://dikoros-ua.com/romashka-likarska-matricaria-recutita-sushena-50-hram/,catalog,ua
https://dikoros-ua.com/en/romashka-likarska-matricaria-recutita-sushena-50-hram/,catalog,en
https://dikoros-ua.com/ru/romashka-likarska-matricaria-recutita-sushena-50-hram/,catalog,ru
https://dikoros-ua.com/ivan-chai-sushenyi-50-hram/,catalog,ua
https://dikoros-ua.com/en/ivan-chai-sushenyi-50-hram/,catalog,en
https://dikoros-ua.com/ru/ivan-chai-sushenyi-50-hram/,catalog,ru
https://dikoros-ua.com/ivan-chai-fermentovanyi-50-hram/,catalog,ua
https://dikoros-ua.com/en/ivan-chai-fermentovanyi-50-hram/,catalog,en
https://dikoros-ua.com/ru/ivan-chai-fermentovanyi-50-hram/,catalog,ru
https://dikoros-ua.com/miata-sushena-50-hram/,catalog,ua
https://dikoros-ua.com/en/miata-sushena-50-hram/,catalog,en
https://dikoros-ua.com/ru/miata-sushena-50-hram/,catalog,ru
https://dikoros-ua.com/copy_pyzhma-kvitky-sushena-50-hram/,catalog,ua
https://dikoros-ua.com/en/copy_pyzhma-kvitky-sushena-50-hram/,catalog,en
https://dikoros-ua.com/ru/copy_pyzhma-kvitky-sushena-50-hram/,catalog,ru
https://dikoros-ua.com/vahy-yuvelirni-mn-5001/,catalog,ua
https://dikoros-ua.com/en/vahy-yuvelirni-mn-5001/,catalog,en
https://dikoros-ua.com/ru/vahy-yuvelirni-mn-5001/,catalog,ru
https://dikoros-ua.com/vahy-lozhka-kukhonni-do-500-h-z-krokom-01-h/,catalog,ua
https://dikoros-ua.com/en/vahy-lozhka-kukhonni-do-500-h-z-krokom-01-h/,catalog,en
https://dikoros-ua.com/ru/vahy-lozhka-kukhonni-do-500-h-z-krokom-01-h/,catalog,ru
https://dikoros-ua.com/vahy-lozhka-kukhonni-do-800-h/,catalog,ua
https://dikoros-ua.com/en/vahy-lozhka-kukhonni-do-800-h/,catalog,en
https://dikoros-ua.com/ru/vahy-lozhka-kukhonni-do-800-h/,catalog,ru
https://dikoros-ua.com/vahy-yuvelirni-do-500-hram-z-krokom-001-hram/,catalog,ua
https://dikoros-ua.com/en/vahy-yuvelirni-do-500-hram-z-krokom-001-hram/,catalog,en
https://dikoros-ua.com/ru/vahy-yuvelirni-do-500-hram-z-krokom-001-hram/,catalog,ru
https://dikoros-ua.com/rizne/995/,catalog,ua
https://dikoros-ua.com/en/rizne/995/,catalog,en
https://dikoros-ua.com/ru/rizne/995/,catalog,ru
https://dikoros-ua.com/hryby-bili-marynovani/,catalog,ua
https://dikoros-ua.com/en/hryby-bili-marynovani/,catalog,en
https://dikoros-ua.com/ru/hryby-bili-marynovani/,catalog,ru
https://dikoros-ua.com/marynovani-chorni-hruzdi-lactarius-necator-500ml/,catalog,ua
https://dikoros-ua.com/en/marynovani-chorni-hruzdi-lactarius-necator-500ml/,catalog,en
https://dikoros-ua.com/ru/marynovani-chorni-hruzdi-lactarius-necator-500ml/,catalog,ru
https://dikoros-ua.com/polskyi-hryb-marynovanyi-imleria-badia-500ml/,catalog,ua
https://dikoros-ua.com/en/polskyi-hryb-marynovanyi-imleria-badia-500ml/,catalog,en
https://dikoros-ua.com/ru/polskyi-hryb-marynovanyi-imleria-badia-500ml/,catalog,ru
https://dikoros-ua.com/copy_polskyi-hryb-marynovanyi-imleria-badia-500ml/,catalog,ua
https://dikoros-ua.com/en/copy_polskyi-hryb-marynovanyi-imleria-badia-500ml/,catalog,en
https://dikoros-ua.com/ru/copy_polskyi-hryb-marynovanyi-imleria-badia-500ml/,catalog,ru
https://dikoros-ua.com/varennia-iz-sosnovykh-shyshok-pinus-330ml/,catalog,ua
https://dikoros-ua.com/en/varennia-iz-sosnovykh-shyshok-pinus-330ml/,catalog,en
https://dikoros-ua.com/ru/varennia-iz-sosnovykh-shyshok-pinus-330ml/,catalog,ru
https://dikoros-ua.com/syrop-z-kulbab/,catalog,ua
https://dikoros-ua.com/en/syrop-z-kulbab/,catalog,en
https://dikoros-ua.com/ru/syrop-z-kulbab/,catalog,ru
https://dikoros-ua.com/syrop-z-tsvitu-cheremshyny/,catalog,ua
https://dikoros-ua.com/en/syrop-z-tsvitu-cheremshyny/,catalog,en
https://dikoros-ua.com/ru/syrop-z-tsvitu-cheremshyny/,catalog,ru
https://dikoros-ua.com/varennia-z-malyny-rubus-idaeus-300ml/,catalog,ua
https://dikoros-ua.com/en/varennia-z-malyny-rubus-idaeus-300ml/,catalog,en
https://dikoros-ua.com/ru/varennia-z-malyny-rubus-idaeus-300ml/,catalog,ru
https://dikoros-ua.com/kabachkove-varennia-cucurbita-pepo-var.-giraumontia-300ml/,catalog,ua
https://dikoros-ua.com/en/kabachkove-varennia-cucurbita-pepo-var.-giraumontia-300ml/,catalog,en
https://dikoros-ua.com/ru/kabachkove-varennia-cucurbita-pepo-var.-giraumontia-300ml/,catalog,ru
https://dikoros-ua.com/varennia-z-peliustok-troiand-rosa-300ml/,catalog,ua
https://dikoros-ua.com/en/varennia-z-peliustok-troiand-rosa-300ml/,catalog,en
https://dikoros-ua.com/ru/varennia-z-peliustok-troiand-rosa-300ml/,catalog,ru
https://dikoros-ua.com/varennia-slyva-v-shokoladi-300ml/,catalog,ua
https://dikoros-ua.com/en/varennia-slyva-v-shokoladi-300ml/,catalog,en
https://dikoros-ua.com/ru/varennia-slyva-v-shokoladi-300ml/,catalog,ru
https://dikoros-ua.com/varennia-z-voloskykh-horikhiv-300ml/,catalog,ua
https://dikoros-ua.com/en/varennia-z-voloskykh-horikhiv-300ml/,catalog,en
https://dikoros-ua.com/ru/varennia-z-voloskykh-horikhiv-300ml/,catalog,ru
https://dikoros-ua.com/med-akatsiievyi-1-litr/,catalog,ua
https://dikoros-ua.com/en/med-akatsiievyi-1-litr/,catalog,en
https://dikoros-ua.com/ru/med-akatsiievyi-1-litr/,catalog,ru
https://dikoros-ua.com/med/937/,catalog,ua
https://dikoros-ua.com/en/med/937/,catalog,en
https://dikoros-ua.com/ru/med/937/,catalog,ru
